_id,d_name,d_plate,d_date,d_start_time,d_end_time,d_start_location,d_end_location,d_age,d_gender,d_count,d_pay,d_paymentAmount,license_plate,vehicle_type,model,availability,__v
653a29903c5a380760fc7dca,Michael,ZC10,2022-05-03,09:45:00,12:30:00,Madurai,Chennai,21,female,7,Cash,8097,,,,,
653a29903c5a380760fc7dcb,Henry,DB45,2022-06-06,22:30:00,01:45:00,Madurai,Chennai,32,male,3,Online,3318,,,,,
653a29903c5a380760fc7dcc,Joseph,OR77,2023-03-18,21:30:00,07:45:00,Madurai,Chennai,50,male,3,Cash,7203,,,,,
653a29903c5a380760fc7dcd,Alexander,HG25,2023-10-09,17:00:00,18:45:00,Madurai,Chennai,51,male,4,Online,9386,,,,,
653a29903c5a380760fc7dce,Elizabeth,RO22,2023-12-19,15:30:00,19:00:00,Madurai,Chennai,45,female,1,Cash,5628,,,,,
653a29903c5a380760fc7dcf,Sarah,HT72,2023-05-17,15:00:00,11:30:00,Madurai,Chennai,54,female,4,Online,8709,,,,,
653a29903c5a380760fc7dd0,Richard,OB30,2022-07-19,01:30:00,21:15:00,Madurai,Chennai,45,male,3,Credit Card,8839,,,,,
653a29903c5a380760fc7dd1,Olivia,OX83,2022-09-25,06:30:00,05:15:00,Bangalore,Vellore,27,female,4,Cash,7028,,,,,
653a29903c5a380760fc7dd2,Joshua,OA42,2022-09-26,14:00:00,04:15:00,Bangalore,Vellore,27,male,7,Online,5940,,,,,
653a29903c5a380760fc7dd3,Elijah,OA52,2022-12-12,07:45:00,18:00:00,Bangalore,Vellore,32,female,5,Online,9520,,,,,
653a29903c5a380760fc7dd4,Adam,YT72,2022-04-29,21:30:00,02:15:00,Bangalore,Vellore,21,male,2,Cash,9365,,,,,
653a29903c5a380760fc7dd5,Amelia,ZD71,2023-10-26,12:30:00,19:15:00,Bangalore,Vellore,27,female,7,Cash,5898,,,,,
653a29903c5a380760fc7dd6,Sebastian,RQ24,2023-01-28,14:15:00,19:45:00,Bangalore,Vellore,51,male,6,Online,2451,,,,,
653a29903c5a380760fc7dd7,Harold,RR55,2023-07-05,08:15:00,09:45:00,Bangalore,Vellore,56,male,2,Credit Card,8578,,,,,
653a29903c5a380760fc7dd8,Mia,JG91,2023-03-11,19:15:00,11:15:00,Ahmedabad,Kolkata,53,female,4,Cash,7272,,,,,
653a29903c5a380760fc7dd9,Stephen,UC52,2023-05-17,15:00:00,02:00:00,Lucknow,Erode,18,male,5,Credit Card,2955,,,,,
653a29903c5a380760fc7dda,Harry,MA19,2023-03-07,04:30:00,23:15:00,Bengaluru,Salem,50,male,1,Cash,7761,,,,,
653a29903c5a380760fc7ddb,Patrick,AM88,2023-04-24,10:45:00,04:00:00,Chennai,Trichy,29,male,1,Credit Card,5408,,,,,
653a29903c5a380760fc7ddc,Barbara,QB21,2023-01-24,08:45:00,11:45:00,Coimbatore,Madurai,43,female,2,Online,3282,,,,,
653a29903c5a380760fc7ddd,Louis,PV23,2023-01-28,14:15:00,09:45:00,Madurai,Tirunelveli,32,male,4,Online,2732,,,,,
653a29903c5a380760fc7dde,Raymond,HU62,2023-05-25,06:15:00,04:45:00,Hyderabad,Chengalpattu,42,male,7,Cash,6773,,,,,
653a29903c5a380760fc7ddf,Carlos,LO10,2023-11-29,19:00:00,13:00:00,Bangalore,Vellore,43,male,4,Online,6272,,,,,
653a29903c5a380760fc7de0,Patricia,HQ94,2023-11-03,02:15:00,04:15:00,Chennai,Coimbatore,35,female,7,Online,9809,,,,,
653a29903c5a380760fc7de1,Ian,ZY50,2022-07-30,12:15:00,08:00:00,Mumbai,Chennai,38,male,2,Cash,4022,,,,,
653a29903c5a380760fc7de2,Mohamed,HY56,2022-04-27,19:15:00,06:45:00,Delhi,Tambaram,36,male,6,Credit Card,5229,,,,,
653a29903c5a380760fc7de3,Youssef,GG92,2022-05-30,12:30:00,04:45:00,Kolkata,Salem,32,male,6,Cash,2646,,,,,
653a29903c5a380760fc7de4, Ahmed ,VL17,2022-11-20,11:30:00,00:30:00,Erode,Madurai,22,male,4,Cash,3815,,,,,
653a29903c5a380760fc7de5,Mahmoud,MJ70,2022-02-12,07:00:00,14:00:00,Salem,Chennai,57,male,3,Cash,5384,,,,,
653a29903c5a380760fc7de6, Mustafa ,XV57,2022-01-25,22:15:00,09:45:00,Trichy,Chengalpattu,20,male,1,Cash,8154,,,,,
653a29903c5a380760fc7de7,Yassin,DL84,2022-08-20,20:45:00,01:45:00,Madurai,Dharmapuri,56,male,7,Credit Card,9742,,,,,
653a29903c5a380760fc7de8, Taha,TE58,2022-02-07,09:00:00,11:15:00,Tirunelveli,Nagercoil,53,male,6,Online,2537,,,,,
653a29903c5a380760fc7de9, Khaled,FS88,2022-09-04,06:00:00,23:30:00,Chengalpattu,Perambalur,40,male,2,Credit Card,4875,,,,,
653a29903c5a380760fc7dea, Hamza,ED45,2022-04-27,10:15:00,00:00:00,Vellore,Sivakasi,30,male,1,Online,3221,,,,,
653a29903c5a380760fc7deb, Bilal,UQ39,2022-02-16,00:00:00,17:15:00,Coimbatore,Poonamallee,56,male,1,Online,4935,,,,,
653a29903c5a380760fc7dec, Ibrahim ,QG33,2022-05-24,08:00:00,20:45:00,Chennai,Arcot,47,male,1,Cash,5294,,,,,
653a29903c5a380760fc7ded,Hassan,JJ42,2022-05-29,09:15:00,19:30:00,Tambaram,Chengalpattu,35,male,4,Online,4076,,,,,
653a29903c5a380760fc7dee, Hussein,MX31,2022-02-03,11:15:00,10:00:00,Salem,Erode,38,male,6,Online,3378,,,,,
653a29903c5a380760fc7def, Karim,SU24,2022-12-27,11:30:00,02:45:00,Madurai,Tirupur,19,male,5,Online,7490,,,,,
653a29903c5a380760fc7df0, Tareq ,VX20,2023-10-17,13:00:00,08:00:00,Chennai,Tirunelveli,27,male,4,Online,2543,,,,,
653a29903c5a380760fc7df1,Abdel-Rahman,BC42,2023-12-30,22:00:00,04:45:00,Vellore,Tambaram,27,male,6,Online,3626,,,,,
653a29903c5a380760fc7df2, Ali ,EF50,2023-11-28,22:15:00,20:45:00,Kanchipuram,Virudhunagar,50,male,2,Cash,8980,,,,,
653a29903c5a380760fc7df3,Omar,IL24,2023-05-11,17:45:00,20:00:00,Krishnagiri,Chennai,35,male,6,Cash,5952,,,,,
653a29903c5a380760fc7df4,Mary,PA86,2023-08-25,06:00:00,00:45:00,Tirunelveli,Nagercoil,30,female,5,Cash,8612,,,,,
653a29903c5a380760fc7df5,Marie,MA95,2023-11-13,05:15:00,00:30:00,Tiruchirappalli,Kanchipuram,48,female,6,Cash,5759,,,,,
653a29903c5a380760fc7df6, Mariam,VC73,2023-08-02,16:30:00,13:15:00,Madurai,Vellore,43,female,4,Online,6054,,,,,
653a29903c5a380760fc7df7, Marina,SP21,2023-07-19,19:45:00,01:15:00,Chennai,Bangalore,40,female,5,Credit Card,9270,,,,,
653a29903c5a380760fc7df8, Irene,AA84,2023-12-16,13:00:00,12:30:00,Kanchipuram,Chennai,50,female,6,Online,8722,,,,,
653a29903c5a380760fc7df9, Malak,EK47,2023-07-09,18:00:00,23:45:00,Tambaram,Mumbai,58,female,6,Online,2918,,,,,
653a29903c5a380760fc7dfa,Habiba ,VA72,2023-10-29,03:00:00,08:45:00,Salem,Delhi,51,female,6,Cash,8057,,,,,
653a29903c5a380760fc7dfb,Hana,HS43,2023-08-30,16:00:00,11:00:00,Coimbatore,Kolkata,54,female,7,Online,8068,,,,,
653a29903c5a380760fc7dfc,Farah,ZO23,2023-09-17,19:45:00,13:45:00,Chennai,Erode,40,female,3,Online,6311,,,,,
653a29903c5a380760fc7dfd,Marwa,TJ79,2023-07-22,13:15:00,00:45:00,Chengalpattu,Salem,46,female,2,Online,4371,,,,,
653a29903c5a380760fc7dfe,Nada,KZ86,2023-04-20,03:00:00,09:00:00,Madurai,Trichy,50,female,6,Cash,4713,,,,,
653a29903c5a380760fc7dff,Wade,MT95,2023-01-07,15:00:00,23:00:00,Kanchipuram,Madurai,44,male,1,Credit Card,9729,,,,,
653a29903c5a380760fc7e00,Dave,OH63,2023-10-11,09:30:00,10:45:00,Tirunelveli,Tirunelveli,24,male,6,Cash,5633,,,,,
653a29903c5a380760fc7e01,Seth,XH42,2023-12-03,10:45:00,21:30:00,Chengalpattu,Chengalpattu,42,male,3,Cash,6307,,,,,
653a29903c5a380760fc7e02,Ivan,WD92,2023-01-04,18:45:00,05:45:00,Madurai,Vellore,56,male,4,Cash,3791,,,,,
653a29903c5a380760fc7e03,Riley,GB81,2022-08-22,20:00:00,18:30:00,Erode,Coimbatore,19,male,4,Cash,6675,,,,,
653a29903c5a380760fc7e04,Gilbert,BD36,2022-06-01,01:30:00,01:30:00,Salem,Chennai,30,male,6,Credit Card,4600,,,,,
653a29903c5a380760fc7e05,Jorge,LG69,2022-08-23,03:00:00,18:30:00,Trichy,Tambaram,35,male,2,Online,2055,,,,,
653a29903c5a380760fc7e06,Dan,CY20,2022-05-25,11:00:00,10:00:00,Tuticorin,Salem,37,male,4,Credit Card,3817,,,,,
653a29903c5a380760fc7e07,Brian,ZR14,2022-03-25,12:30:00,10:45:00,Chennai,Madurai,35,male,3,Credit Card,2553,,,,,
653a29903c5a380760fc7e08,Roberto,EY57,2022-09-17,02:00:00,20:15:00,Chengalpattu,Chennai,38,male,6,Credit Card,8770,,,,,
653a29903c5a380760fc7e09,Ramon,VF18,2022-09-23,02:45:00,21:45:00,Chennai,Lucknow,25,male,6,Cash,8927,,,,,
653a29903c5a380760fc7e0a,Miles,AA57,2023-04-22,05:45:00,08:30:00,Coimbatore,Bengaluru,20,male,2,Cash,2273,,,,,
653a29903c5a380760fc7e0b,Liam,YG86,2023-05-25,14:00:00,10:30:00,Salem,Chennai,44,male,6,Cash,8871,,,,,
653a29903c5a380760fc7e0c,Nathaniel,GU33,2023-01-26,15:00:00,00:30:00,Tiruchirappalli,Coimbatore,29,male,2,Cash,8582,,,,,
653a29903c5a380760fc7e0d,Ethan,SV19,2023-11-27,19:00:00,00:45:00,Bangalore,Madurai,54,male,7,Online,3029,,,,,
653a29903c5a380760fc7e0e,Lewis,FJ13,2023-11-24,01:30:00,17:45:00,Hyderabad,Hyderabad,54,male,3,Credit Card,9909,,,,,
653a29903c5a380760fc7e0f,Daisy,LB31,2022-10-13,05:00:00,04:45:00,Kochi,Bangalore,30,female,3,Credit Card,4386,,,,,
653a29903c5a380760fc7e10,Deborah,RA49,2022-10-13,00:30:00,21:15:00,Mumbai,Chennai,44,female,1,Credit Card,2914,,,,,
653a29903c5a380760fc7e11,Isabel,RD76,2022-11-25,14:30:00,21:15:00,Delhi,Mumbai,35,female,7,Online,7012,,,,,
653a29903c5a380760fc7e12,Stella,IC52,2022-11-20,04:45:00,11:15:00,Kolkata,Delhi,49,female,7,Credit Card,2978,,,,,
653a29903c5a380760fc7e13,Debra,PQ34,2022-04-24,08:45:00,07:30:00,Chandigarh,Kolkata,34,female,7,Online,5546,,,,,
653a29903c5a380760fc7e14,Beverly,VF79,2022-11-17,09:00:00,13:15:00,Ahmedabad,Erode,31,female,3,Online,2975,,,,,
653a29903c5a380760fc7e15,Vera,CM24,2022-11-13,13:00:00,11:30:00,Lucknow,Salem,42,female,1,Online,5675,,,,,
653a29903c5a380760fc7e16,Angela,IY74,2022-07-24,01:00:00,08:00:00,Bengaluru,Trichy,56,female,5,Online,7457,,,,,
653a29903c5a380760fc7e17,Lucy,BJ88,2022-09-27,17:15:00,06:45:00,Chennai,Madurai,27,female,3,Cash,3679,,,,,
653a29903c5a380760fc7e18,Lauren,SV93,2022-12-05,17:30:00,11:45:00,Coimbatore,Tirunelveli,23,female,6,Cash,3301,,,,,
653a29903c5a380760fc7e19,Janet,WG51,2022-11-16,17:15:00,05:30:00,Madurai,Chengalpattu,29,female,7,Online,4168,,,,,
653a29903c5a380760fc7e1a,Loretta,SL90,2023-10-06,14:15:00,02:30:00,Hyderabad,Vellore,28,female,6,Online,2609,,,,,
653a29903c5a380760fc7e1b,Tracey,ZO25,2023-03-04,17:45:00,03:30:00,Bangalore,Coimbatore,29,female,7,Online,5348,,,,,
653a29903c5a380760fc7e1c,Beatrice,NL96,2023-04-02,00:15:00,16:45:00,Chennai,Chennai,53,female,7,Cash,2883,,,,,
653a29903c5a380760fc7e1d,Sabrina,JV37,2023-03-21,19:15:00,16:45:00,Mumbai,Tambaram,20,female,2,Online,6755,,,,,
653a29903c5a380760fc7e1e,Melody,NN39,2023-11-16,03:45:00,19:00:00,Delhi,Salem,50,female,7,Cash,6779,,,,,
653a29903c5a380760fc7e1f,Chrysta,ZB58,2023-04-23,01:15:00,04:15:00,Kolkata,Madurai,30,female,1,Online,9906,,,,,
653a29903c5a380760fc7e20,Christina,HG87,2023-01-18,04:45:00,19:30:00,Erode,Chennai,28,female,4,Online,4671,,,,,
653a29903c5a380760fc7e21,Vicki,LL37,2023-11-24,02:30:00,04:15:00,Salem,Vellore,30,female,7,Credit Card,4695,,,,,
653a29903c5a380760fc7e22,Molly,HB40,2023-01-10,12:00:00,08:15:00,Trichy,Kanchipuram,54,female,7,Cash,5993,,,,,
653a29903c5a380760fc7e23,Alison,BG98,2023-05-13,16:00:00,12:45:00,Madurai,Krishnagiri,27,female,3,Online,7820,,,,,
653a29903c5a380760fc7e24,Miranda,CR50,2023-01-21,07:00:00,10:45:00,Tirunelveli,Tirunelveli,58,female,5,Online,8870,,,,,
653a29903c5a380760fc7e25,Stephanie,LT20,2023-08-26,11:45:00,21:00:00,Chengalpattu,Tiruchirappalli,56,female,5,Online,9694,,,,,
653a29903c5a380760fc7e26,Leona,KX74,2023-12-05,03:45:00,22:30:00,Vellore,Madurai,59,female,7,Online,5952,,,,,
653a29903c5a380760fc7e27,Katrina,GX96,2023-12-30,16:30:00,07:45:00,Coimbatore,Chennai,22,female,1,Cash,9025,,,,,
653a29903c5a380760fc7e28,Mila,QB66,2022-05-19,19:30:00,21:45:00,Chennai,Kanchipuram,27,female,4,Credit Card,9488,,,,,
653a29903c5a380760fc7e29,Teresa,DX50,2022-10-27,06:30:00,03:30:00,Tambaram,Tambaram,53,female,6,Cash,2704,,,,,
653a29903c5a380760fc7e2a,Gabriela,XR35,2022-01-10,03:15:00,01:00:00,Salem,Salem,40,female,3,Credit Card,7100,,,,,
653a29903c5a380760fc7e2b,Ashley,DA32,2022-11-29,23:45:00,08:15:00,Madurai,Coimbatore,53,female,5,Online,5725,,,,,
653a29903c5a380760fc7e2c,Nicole,PD71,2022-12-09,06:00:00,17:45:00,Chennai,Chennai,36,female,6,Online,7586,,,,,
653a29903c5a380760fc7e2d,,,,,,,,,,,,,ABC123,Sedan,Toyota Camry,yes,
653a29903c5a380760fc7e2e,,,,,,,,,,,,,XYZ456,SUV,Honda CR-V,yes,
653a29903c5a380760fc7e2f,,,,,,,,,,,,,DEF789,Hatchback,Ford Focus,yes,
653a29903c5a380760fc7e30,,,,,,,,,,,,,GHI012,Truck,Chevrolet Silverado,no,
653a29903c5a380760fc7e31,,,,,,,,,,,,,JKL345,Sedan,Nissan Altima,yes,
653a29903c5a380760fc7e32,,,,,,,,,,,,,MNO678,SUV,Ford Escape,yes,
653a29903c5a380760fc7e33,,,,,,,,,,,,,PQR901,Coupe,Chevrolet Camaro,no,
653a29903c5a380760fc7e34,,,,,,,,,,,,,STU234,Minivan,Dodge Grand Caravan,yes,
653a29903c5a380760fc7e35,,,,,,,,,,,,,VWX567,Sedan,Hyundai Elantra,yes,
653a29903c5a380760fc7e36,,,,,,,,,,,,,YZA890,SUV,Jeep Wrangler,no,
653a29903c5a380760fc7e37,,,,,,,,,,,,,BCD123,Hatchback,Volkswagen Golf,yes,
653a29903c5a380760fc7e38,,,,,,,,,,,,,EFG456,Truck,Ford F-150,yes,
653a29903c5a380760fc7e39,,,,,,,,,,,,,HIJ789,Sedan,Honda Accord,yes,
653a29903c5a380760fc7e3a,,,,,,,,,,,,,KLM012,SUV,Toyota RAV4,no,
653a29903c5a380760fc7e3b,,,,,,,,,,,,,NOP345,Coupe,Audi A5,yes,
653a29903c5a380760fc7e3c,,,,,,,,,,,,,QRS678,Minivan,Chrysler Pacifica,yes,
653a29903c5a380760fc7e3d,,,,,,,,,,,,,TUV901,Sedan,Subaru Impreza,yes,
653a29903c5a380760fc7e3e,,,,,,,,,,,,,WXY234,SUV,Kia Sportage,no,
653a29903c5a380760fc7e3f,,,,,,,,,,,,,ZAB567,Hatchback,Mazda3,yes,
653a29903c5a380760fc7e40,,,,,,,,,,,,,CDE890,Truck,Ram 1500,yes,
653a29903c5a380760fc7e41,,,,,,,,,,,,,,,,,
653a29903c5a380760fc7e42,,,,,,,,,,,,,,,,,
653a29903c5a380760fc7e43,,,,,,,,,,,,,,,,,
653a29903c5a380760fc7e44,,,,,,,,,,,,,,,,,
653a29903c5a380760fc7e45,,,,,,,,,,,,,,,,,
653a29903c5a380760fc7e46,,,,,,,,,,,,,,,,,
653a29903c5a380760fc7e47,,,,,,,,,,,,,,,,,
653a29903c5a380760fc7e48,,,,,,,,,,,,,,,,,
653a29903c5a380760fc7e49,,,,,,,,,,,,,,,,,
653a29903c5a380760fc7e4a,,,,,,,,,,,,,,,,,
653a2a40df4114306834b3d6,prahanya,TN76,2023-10-27,15:28,02:28,Chennai,Ariyalur,19,Female,4,Online,100,,,,,0
653a2adbdf4114306834b3e1,shi ubi,TN76,2021-12-15,15:30,14:31,Chennai,Ariyalur,19,Female,4,Offine,1000,,,,,0
653a2adfdf4114306834b3e3,shi ubi,TN76,2021-12-15,15:30,14:31,Chennai,Ariyalur,19,Female,4,Offine,1000,,,,,0
653a2cb4df4114306834b3f2,ravi,TN76,2023-10-27,02:38,14:38,Chennai,Coimbatore,19,Male,4,Online,1000,,,,,0
653a2cc4df4114306834b3f4,ravi,TN76,2023-10-27,02:38,14:38,Chennai,Erode,19,Male,4,Online,1000,,,,,0
653a2cfedf4114306834b3fb,ravi,TN76,2023-10-19,15:40,14:41,Chennai,Salem,19,Male,4,Offine,1000,,,,,0
653a2f88df4114306834b40e,jennie,TN76,2021-09-08,02:50,02:50,Kanchipuram,Madurai,18,Female,4,Offine,1000,,,,,0
653b7af560015eae3dc56407,kawena,TN76,2023-10-27,15:24,02:24,Chennai,Coimbatore,19,Female,1,Offine,1000,,,,,0
653b82d90df91cef185cea3e,giri,TN02,2023-08-30,10:30,02:58,Chennai,Madurai,19,Male,1,Online,1500,,,,,0
